[{"id":6,"name":"Blogs","provider":null,"document":null,"mimeType":"application/vnd.burdy.folder","contentLength":null,"createdAt":"2021-10-31T00:39:20.631Z","updatedAt":"2021-10-31T00:39:20.000Z","parentId":null,"npath":"Blogs","meta":[]},{"id":8,"name":"INCz6A3uxQVn (1).png","provider":"s3","document":"6de7969e-18ca-4e61-9f6c-b775abf62bbd","mimeType":"image/png","contentLength":30495,"createdAt":"2021-10-31T00:39:20.888Z","updatedAt":"2021-10-31T00:39:20.000Z","parentId":6,"npath":"Blogs/INCz6A3uxQVn (1).png","meta":[{"key":"height","value":"313.0","id":5},{"key":"width","value":"989.0","id":6}]},{"id":10,"name":"OnPaste.20211017-200019 (1).png","provider":"s3","document":"ca3bb248-37c8-49c3-85a3-fe28ce4aeebd","mimeType":"image/png","contentLength":45506,"createdAt":"2021-10-31T00:39:21.106Z","updatedAt":"2021-10-31T00:39:21.000Z","parentId":6,"npath":"Blogs/OnPaste.20211017-200019 (1).png","meta":[{"key":"height","value":"260.0","id":7},{"key":"width","value":"1724.0","id":8}]},{"id":12,"name":"OnPaste.20211017-200118 (1).png","provider":"s3","document":"fe46c740-52c8-4840-8127-91681f292342","mimeType":"image/png","contentLength":87530,"createdAt":"2021-10-31T00:39:21.299Z","updatedAt":"2021-10-31T00:39:21.000Z","parentId":6,"npath":"Blogs/OnPaste.20211017-200118 (1).png","meta":[{"key":"height","value":"749.0","id":9},{"key":"width","value":"1722.0","id":10}]},{"id":14,"name":"VhoLUZxW3aRQ (1).png","provider":"s3","document":"2b267850-fb41-4651-9c8e-b269a7eeac9c","mimeType":"image/png","contentLength":131901,"createdAt":"2021-10-31T00:39:21.510Z","updatedAt":"2021-10-31T00:39:21.000Z","parentId":6,"npath":"Blogs/VhoLUZxW3aRQ (1).png","meta":[{"key":"height","value":"917.0","id":11},{"key":"width","value":"1920.0","id":12}]},{"id":16,"name":"Z0LNhomlAiVo (1).png","provider":"s3","document":"b6cea6d6-82ff-4512-81de-33db71247d48","mimeType":"image/png","contentLength":80255,"createdAt":"2021-10-31T00:39:21.615Z","updatedAt":"2021-10-31T00:39:21.000Z","parentId":6,"npath":"Blogs/Z0LNhomlAiVo (1).png","meta":[{"key":"height","value":"867.0","id":13},{"key":"width","value":"1719.0","id":14}]},{"id":17,"name":"Docs","provider":null,"document":null,"mimeType":"application/vnd.burdy.folder","contentLength":null,"createdAt":"2021-10-31T00:39:21.640Z","updatedAt":"2021-10-31T00:39:21.000Z","parentId":null,"npath":"Docs","meta":[]},{"id":19,"name":"custom-page.png","provider":"s3","document":"39a8ed59-c062-4c1f-ac13-e423132dd56f","mimeType":"image/png","contentLength":99530,"createdAt":"2021-10-31T00:39:21.761Z","updatedAt":"2021-10-31T00:39:21.000Z","parentId":17,"npath":"Docs/custom-page.png","meta":[{"key":"height","value":"1192.0","id":15},{"key":"width","value":"1942.0","id":16}]},{"id":21,"name":"custom-tab.png","provider":"s3","document":"fe690b6e-8b73-4513-9224-a5c847f9aec1","mimeType":"image/png","contentLength":96767,"createdAt":"2021-10-31T00:39:21.950Z","updatedAt":"2021-10-31T00:39:21.000Z","parentId":17,"npath":"Docs/custom-tab.png","meta":[{"key":"height","value":"1194.0","id":17},{"key":"width","value":"1936.0","id":18}]},{"id":22,"name":"Illustrations","provider":null,"document":null,"mimeType":"application/vnd.burdy.folder","contentLength":null,"createdAt":"2021-10-31T00:39:21.992Z","updatedAt":"2021-10-31T00:39:22.000Z","parentId":null,"npath":"Illustrations","meta":[]},{"id":24,"name":"Asset selection.png","provider":"s3","document":"5828eead-76d4-483a-8922-a0af5113bfdb","mimeType":"image/png","contentLength":185724,"createdAt":"2021-10-31T00:39:22.193Z","updatedAt":"2021-10-31T00:39:22.000Z","parentId":22,"npath":"Illustrations/Asset selection.png","meta":[{"key":"height","value":"1188.0","id":19},{"key":"width","value":"1983.0","id":20},{"key":"alt","value":"digital asset management","id":98}]},{"id":26,"name":"Business plan.png","provider":"s3","document":"ece64f8a-0e36-439d-ab6e-f5ff79bf0b35","mimeType":"image/png","contentLength":241976,"createdAt":"2021-10-31T00:39:22.396Z","updatedAt":"2021-10-31T00:39:22.000Z","parentId":22,"npath":"Illustrations/Business plan.png","meta":[{"key":"height","value":"1314.0","id":21},{"key":"width","value":"1977.0","id":22},{"key":"alt","value":"enterprise planning","id":99}]},{"id":28,"name":"Code typing.png","provider":"s3","document":"8eb938de-acfc-4ed3-98ba-6b2a3a6a724b","mimeType":"image/png","contentLength":181387,"createdAt":"2021-10-31T00:39:22.524Z","updatedAt":"2021-10-31T00:39:22.000Z","parentId":22,"npath":"Illustrations/Code typing.png","meta":[{"key":"height","value":"1245.0","id":23},{"key":"width","value":"1959.0","id":24},{"key":"alt","value":"extensible cms","id":100}]},{"id":30,"name":"Data extraction.png","provider":"s3","document":"000ac91c-a31a-49b3-822c-783e2335ae41","mimeType":"image/png","contentLength":170555,"createdAt":"2021-10-31T00:39:22.701Z","updatedAt":"2021-10-31T00:39:22.000Z","parentId":22,"npath":"Illustrations/Data extraction.png","meta":[{"key":"height","value":"1155.0","id":25},{"key":"width","value":"1980.0","id":26},{"key":"alt","value":"cms data overview","id":101}]},{"id":32,"name":"Devices.png","provider":"s3","document":"08c249b9-6d5e-47cf-94de-6333b2f672b5","mimeType":"image/png","contentLength":134691,"createdAt":"2021-10-31T00:39:22.838Z","updatedAt":"2021-10-31T00:39:22.000Z","parentId":22,"npath":"Illustrations/Devices.png","meta":[{"key":"height","value":"1134.0","id":27},{"key":"width","value":"1980.0","id":28},{"key":"alt","value":"omni-channel cms","id":102}]},{"id":34,"name":"Personal goals.png","provider":"s3","document":"c14ff4cc-afbf-4e11-bcc1-0bca46eb071b","mimeType":"image/png","contentLength":151558,"createdAt":"2021-10-31T00:39:23.003Z","updatedAt":"2021-10-31T00:39:23.000Z","parentId":22,"npath":"Illustrations/Personal goals.png","meta":[{"key":"height","value":"1503.0","id":29},{"key":"width","value":"1992.0","id":30},{"key":"alt","value":"reaching goals with burdy","id":103}]},{"id":35,"name":"Images","provider":null,"document":null,"mimeType":"application/vnd.burdy.folder","contentLength":null,"createdAt":"2021-10-31T00:39:23.026Z","updatedAt":"2021-10-31T00:39:23.000Z","parentId":null,"npath":"Images","meta":[]},{"id":37,"name":"blogs.png","provider":"s3","document":"99d1d2d1-520e-4332-8bb5-62d92539bd26","mimeType":"image/png","contentLength":1542965,"createdAt":"2021-10-31T00:39:23.154Z","updatedAt":"2021-10-31T00:39:23.000Z","parentId":35,"npath":"Images/blogs.png","meta":[{"key":"height","value":"1490.0","id":31},{"key":"width","value":"2330.0","id":32}]},{"id":39,"name":"blogs_latest.png","provider":"s3","document":"d607ec3d-8886-453f-81e8-7c9d16ce688a","mimeType":"image/png","contentLength":1978851,"createdAt":"2021-10-31T00:39:23.300Z","updatedAt":"2021-10-31T00:39:23.000Z","parentId":35,"npath":"Images/blogs_latest.png","meta":[{"key":"height","value":"1480.0","id":33},{"key":"width","value":"2772.0","id":34}]},{"id":41,"name":"edit_first_blog.png","provider":"s3","document":"1f0a559a-6fed-4329-b303-99340e932b9d","mimeType":"image/png","contentLength":239510,"createdAt":"2021-10-31T00:39:23.392Z","updatedAt":"2021-10-31T00:39:23.000Z","parentId":35,"npath":"Images/edit_first_blog.png","meta":[{"key":"height","value":"1460.0","id":35},{"key":"width","value":"2372.0","id":36}]},{"id":43,"name":"editor.png","provider":"s3","document":"08961ee0-fb46-45bf-ab73-3a24781d4344","mimeType":"image/png","contentLength":291913,"createdAt":"2021-10-31T00:39:23.510Z","updatedAt":"2021-10-31T00:39:23.000Z","parentId":35,"npath":"Images/editor.png","meta":[{"key":"height","value":"1364.0","id":37},{"key":"width","value":"2360.0","id":38}]},{"id":45,"name":"new_blog.png","provider":"s3","document":"66288903-6107-4a3b-83d5-d0c257870435","mimeType":"image/png","contentLength":210654,"createdAt":"2021-10-31T00:39:23.644Z","updatedAt":"2021-10-31T00:39:23.000Z","parentId":35,"npath":"Images/new_blog.png","meta":[{"key":"height","value":"1218.0","id":39},{"key":"width","value":"2302.0","id":40}]},{"id":47,"name":"new_content_type.png","provider":"s3","document":"6925bf02-f57e-46ec-9859-119ccfd728af","mimeType":"image/png","contentLength":220948,"createdAt":"2021-10-31T00:39:23.817Z","updatedAt":"2021-10-31T00:39:23.000Z","parentId":35,"npath":"Images/new_content_type.png","meta":[{"key":"height","value":"1254.0","id":41},{"key":"width","value":"2032.0","id":42}]},{"id":49,"name":"nextjs.png","provider":"s3","document":"7f5d3c3c-ab47-42fe-852d-91b3b48c134e","mimeType":"image/png","contentLength":66090,"createdAt":"2021-10-31T00:39:23.896Z","updatedAt":"2021-10-31T00:39:23.000Z","parentId":35,"npath":"Images/nextjs.png","meta":[{"key":"height","value":"1056.0","id":43},{"key":"width","value":"1176.0","id":44},{"key":"alt","value":"vercel-nextjs","id":97}]},{"id":50,"name":"burdy","provider":null,"document":null,"mimeType":"application/vnd.burdy.folder","contentLength":null,"createdAt":"2021-10-31T00:39:23.919Z","updatedAt":"2021-10-31T00:39:23.000Z","parentId":null,"npath":"burdy","meta":[]},{"id":52,"name":"assets (1).png","provider":"s3","document":"de33e98e-213b-436c-912c-a91da45aad2b","mimeType":"image/png","contentLength":282652,"createdAt":"2021-10-31T00:39:24.004Z","updatedAt":"2021-10-31T00:39:24.000Z","parentId":50,"npath":"burdy/assets (1).png","meta":[{"key":"height","value":"1278.0","id":45},{"key":"width","value":"2046.0","id":46}]},{"id":54,"name":"burdy (1).png","provider":"s3","document":"adae5fac-a3ad-4739-8c2e-007bead2cd22","mimeType":"image/png","contentLength":213895,"createdAt":"2021-10-31T00:39:24.108Z","updatedAt":"2021-10-31T00:39:24.000Z","parentId":50,"npath":"burdy/burdy (1).png","meta":[{"key":"height","value":"797.0","id":47},{"key":"width","value":"1946.0","id":48}]},{"id":56,"name":"create-content-type (1).png","provider":"s3","document":"dd1df555-1e73-4bb2-8e5b-c2db988f08c8","mimeType":"image/png","contentLength":240506,"createdAt":"2021-10-31T00:39:24.203Z","updatedAt":"2021-10-31T00:39:24.000Z","parentId":50,"npath":"burdy/create-content-type (1).png","meta":[{"key":"height","value":"1280.0","id":49},{"key":"width","value":"2048.0","id":50}]},{"id":58,"name":"create-group.png","provider":"s3","document":"4198347b-1cb6-47b7-aa56-1b026bfab87c","mimeType":"image/png","contentLength":284897,"createdAt":"2021-10-31T00:39:24.275Z","updatedAt":"2021-10-31T00:39:24.000Z","parentId":50,"npath":"burdy/create-group.png","meta":[{"key":"height","value":"1278.0","id":51},{"key":"width","value":"2046.0","id":52}]},{"id":60,"name":"create-user.png","provider":"s3","document":"3a5e1575-a03b-4bc4-bb59-422d7b981ca2","mimeType":"image/png","contentLength":230888,"createdAt":"2021-10-31T00:39:24.402Z","updatedAt":"2021-10-31T00:39:24.000Z","parentId":50,"npath":"burdy/create-user.png","meta":[{"key":"height","value":"1278.0","id":53},{"key":"width","value":"2046.0","id":54}]},{"id":62,"name":"dashboard.png","provider":"s3","document":"1fbfbdfc-7b9a-41ed-beee-86fabe0af16a","mimeType":"image/png","contentLength":149041,"createdAt":"2021-10-31T00:39:24.479Z","updatedAt":"2021-10-31T00:39:24.000Z","parentId":50,"npath":"burdy/dashboard.png","meta":[{"key":"height","value":"1280.0","id":55},{"key":"width","value":"2048.0","id":56}]},{"id":64,"name":"editor.png","provider":"s3","document":"bac40b9a-276b-4e5d-be66-67a4a4daa55a","mimeType":"image/png","contentLength":236264,"createdAt":"2021-10-31T00:39:24.555Z","updatedAt":"2021-10-31T00:39:24.000Z","parentId":50,"npath":"burdy/editor.png","meta":[{"key":"height","value":"1278.0","id":57},{"key":"width","value":"2046.0","id":58}]},{"id":66,"name":"fields.png","provider":"s3","document":"50626430-b1e0-465e-9f5c-3431d20685cb","mimeType":"image/png","contentLength":242625,"createdAt":"2021-10-31T00:39:24.656Z","updatedAt":"2021-10-31T00:39:24.000Z","parentId":50,"npath":"burdy/fields.png","meta":[{"key":"height","value":"1278.0","id":59},{"key":"width","value":"2046.0","id":60}]},{"id":68,"name":"select-assets (1).png","provider":"s3","document":"3c84e044-172c-4f83-80ed-2d0ed5a73062","mimeType":"image/png","contentLength":315564,"createdAt":"2021-10-31T00:39:24.811Z","updatedAt":"2021-10-31T00:39:24.000Z","parentId":50,"npath":"burdy/select-assets (1).png","meta":[{"key":"height","value":"1280.0","id":61},{"key":"width","value":"2046.0","id":62}]},{"id":70,"name":"sites (1).png","provider":"s3","document":"9f662cc8-2314-4265-8304-4dd03c5d7199","mimeType":"image/png","contentLength":243759,"createdAt":"2021-10-31T00:39:24.905Z","updatedAt":"2021-10-31T00:39:24.000Z","parentId":50,"npath":"burdy/sites (1).png","meta":[{"key":"height","value":"1280.0","id":63},{"key":"width","value":"2046.0","id":64}]},{"id":71,"name":"OnPaste.20211031-215245.png","provider":"s3","document":"83e8deea-130c-4e75-acdc-58e2bad9c590","mimeType":"image/png","contentLength":222412,"createdAt":"2021-10-31T20:53:18.735Z","updatedAt":"2021-10-31T20:53:18.000Z","parentId":6,"npath":"Blogs/OnPaste.20211031-215245.png","meta":[{"key":"height","value":"971","id":65},{"key":"width","value":"1717","id":66}]},{"id":72,"name":"OnPaste.20211031-220552.png","provider":"s3","document":"ff0b28a6-dc39-4ec7-8caf-d5afa05d9008","mimeType":"image/png","contentLength":222412,"createdAt":"2021-10-31T21:06:04.035Z","updatedAt":"2021-10-31T21:06:04.000Z","parentId":6,"npath":"Blogs/OnPaste.20211031-220552.png","meta":[{"key":"height","value":"971","id":67},{"key":"width","value":"1717","id":68}]},{"id":73,"name":"OnPaste.20211031-220552 (1).png","provider":"s3","document":"7f619741-d28c-4488-b2dd-3a225314a233","mimeType":"image/png","contentLength":222412,"createdAt":"2021-10-31T21:06:56.937Z","updatedAt":"2021-10-31T21:06:56.000Z","parentId":6,"npath":"Blogs/OnPaste.20211031-220552 (1).png","meta":[{"key":"height","value":"971","id":69},{"key":"width","value":"1717","id":70}]},{"id":74,"name":"OnPaste.20211031-220703.png","provider":"s3","document":"0747a8c1-dc09-4b56-91fe-d5f5580f27a3","mimeType":"image/png","contentLength":36215,"createdAt":"2021-10-31T21:07:11.409Z","updatedAt":"2021-10-31T21:07:11.000Z","parentId":6,"npath":"Blogs/OnPaste.20211031-220703.png","meta":[{"key":"height","value":"337","id":71},{"key":"width","value":"1720","id":72}]},{"id":75,"name":"OnPaste.20211101-231051.png","provider":"s3","document":"3f849177-ca73-4c87-93e2-f7cc29bfec5d","mimeType":"image/png","contentLength":224795,"createdAt":"2021-11-01T22:11:00.109Z","updatedAt":"2021-11-01T22:11:00.000Z","parentId":50,"npath":"burdy/OnPaste.20211101-231051.png","meta":[{"key":"height","value":"747","id":73},{"key":"width","value":"1240","id":74}]},{"id":76,"name":"OnPaste.20211101-231443.png","provider":"s3","document":"bf8a2038-ed00-4291-9ae4-2ff5b1611424","mimeType":"image/png","contentLength":104116,"createdAt":"2021-11-01T22:14:50.009Z","updatedAt":"2021-11-01T22:14:50.000Z","parentId":50,"npath":"burdy/OnPaste.20211101-231443.png","meta":[{"key":"height","value":"751","id":75},{"key":"width","value":"1239","id":76}]},{"id":78,"name":"OnPaste.20211101-231803.png","provider":"s3","document":"a057e64f-9dca-41c4-bab8-8703fd58f33e","mimeType":"image/png","contentLength":113863,"createdAt":"2021-11-01T22:18:22.986Z","updatedAt":"2021-11-01T22:18:22.000Z","parentId":50,"npath":"burdy/OnPaste.20211101-231803.png","meta":[{"key":"height","value":"750","id":79},{"key":"width","value":"1239","id":80}]},{"id":79,"name":"OnPaste.20211101-231926.png","provider":"s3","document":"2eb6a82b-2e67-4c0a-8091-181f72c11a76","mimeType":"image/png","contentLength":110455,"createdAt":"2021-11-01T22:19:43.643Z","updatedAt":"2021-11-01T22:19:43.000Z","parentId":50,"npath":"burdy/OnPaste.20211101-231926.png","meta":[{"key":"height","value":"749","id":81},{"key":"width","value":"1238","id":82}]},{"id":80,"name":"Main","provider":null,"document":null,"mimeType":"application/vnd.burdy.folder","contentLength":null,"createdAt":"2021-11-01T23:06:07.409Z","updatedAt":"2021-11-01T23:06:07.000Z","parentId":50,"npath":"burdy/Main","meta":[]},{"id":81,"name":"burdy.png","provider":"s3","document":"ad71a8ce-1747-4599-abd3-007f6eb2a691","mimeType":"image/png","contentLength":328496,"createdAt":"2021-11-01T23:07:06.000Z","updatedAt":"2021-11-01T23:07:06.000Z","parentId":80,"npath":"burdy/Main/burdy.png","meta":[{"key":"height","value":"828","id":83},{"key":"width","value":"1946","id":84}]},{"id":82,"name":"burdy.svg","provider":"s3","document":"523b0029-e6f7-48b5-8449-e7b3b8beb41b","mimeType":"image/svg+xml","contentLength":688,"createdAt":"2021-11-08T18:57:20.473Z","updatedAt":"2021-11-08T18:57:20.000Z","parentId":null,"npath":"burdy.svg","meta":[{"key":"alt","value":"burdy","id":93}]},{"id":84,"name":"Mobile Marketing-rafiki.svg","provider":"s3","document":"f58fa744-a0d5-45b7-98f3-db820d5afa7a","mimeType":"image/svg+xml","contentLength":20050,"createdAt":"2021-11-08T20:41:56.226Z","updatedAt":"2021-11-08T20:41:56.000Z","parentId":null,"npath":"Mobile Marketing-rafiki.svg","meta":[{"key":"alt","value":"marketing","id":95}]},{"id":85,"name":"Blog post-bro.svg","provider":"s3","document":"6f41ded6-3a4e-43af-9211-2b440a9bf071","mimeType":"image/svg+xml","contentLength":26766,"createdAt":"2021-11-08T20:45:36.707Z","updatedAt":"2021-11-08T20:45:36.000Z","parentId":null,"npath":"Blog post-bro.svg","meta":[{"key":"alt","value":"blog posting","id":94}]},{"id":86,"name":"vivid-blurred-colorful-wallpaper-background.jpg","provider":"s3","document":"bb6aa37b-071a-4c8f-9778-dfc43bcdc680","mimeType":"image/jpeg","contentLength":208190,"createdAt":"2021-11-08T20:50:18.709Z","updatedAt":"2021-11-08T20:50:18.000Z","parentId":null,"npath":"vivid-blurred-colorful-wallpaper-background.jpg","meta":[{"key":"height","value":"668","id":87},{"key":"width","value":"1000","id":88}]},{"id":87,"name":"Icons","provider":null,"document":null,"mimeType":"application/vnd.burdy.folder","contentLength":null,"createdAt":"2021-11-09T19:45:16.951Z","updatedAt":"2021-11-09T19:45:16.000Z","parentId":null,"npath":"Icons","meta":[]},{"id":88,"name":"docker.svg","provider":"s3","document":"3949c1b5-1a08-45ed-ae70-a2d640b1ce11","mimeType":"image/svg+xml","contentLength":1905,"createdAt":"2021-11-09T19:45:21.998Z","updatedAt":"2021-11-09T19:45:22.000Z","parentId":87,"npath":"Icons/docker.svg","meta":[{"key":"alt","value":"docker support","id":109}]},{"id":89,"name":"db.svg","provider":"s3","document":"c3259e0f-1bc4-4da8-aaea-8a48955b9fd6","mimeType":"image/svg+xml","contentLength":1144,"createdAt":"2021-11-09T19:45:22.004Z","updatedAt":"2021-11-09T19:45:22.000Z","parentId":87,"npath":"Icons/db.svg","meta":[{"key":"alt","value":"databases","id":108}]},{"id":90,"name":"open-source.svg","provider":"s3","document":"ed5fd244-9887-4954-b079-48258cbbc1d3","mimeType":"image/svg+xml","contentLength":845,"createdAt":"2021-11-09T19:45:22.049Z","updatedAt":"2021-11-09T19:45:22.000Z","parentId":87,"npath":"Icons/open-source.svg","meta":[{"key":"alt","value":"open source","id":111}]},{"id":91,"name":"aws.svg","provider":"s3","document":"d6f8b77a-2081-4992-bba5-b92a158d8368","mimeType":"image/svg+xml","contentLength":3292,"createdAt":"2021-11-09T19:45:22.053Z","updatedAt":"2021-11-09T19:45:22.000Z","parentId":87,"npath":"Icons/aws.svg","meta":[{"key":"alt","value":"amazon web services","id":104}]},{"id":92,"name":"typescript.svg","provider":"s3","document":"09d8a2eb-84cf-437c-96d0-33bcb944b9ba","mimeType":"image/svg+xml","contentLength":1143,"createdAt":"2021-11-09T19:45:22.077Z","updatedAt":"2021-11-09T19:45:22.000Z","parentId":87,"npath":"Icons/typescript.svg","meta":[{"key":"alt","value":"typescript","id":114}]},{"id":93,"name":"react.svg","provider":"s3","document":"c15b5afd-e88b-41ff-b874-b5707110cc83","mimeType":"image/svg+xml","contentLength":861,"createdAt":"2021-11-09T19:45:22.078Z","updatedAt":"2021-11-09T19:45:22.000Z","parentId":87,"npath":"Icons/react.svg","meta":[{"key":"alt","value":"react","id":113}]},{"id":101,"name":"backup.svg","provider":"s3","document":"802e7a3f-2176-4105-a9c6-80ef448fb82a","mimeType":"image/svg+xml","contentLength":581,"createdAt":"2021-11-09T19:57:10.794Z","updatedAt":"2021-11-09T19:57:10.000Z","parentId":87,"npath":"Icons/backup.svg","meta":[{"key":"alt","value":"cloud backup","id":105}]},{"id":102,"name":"preview.svg","provider":"s3","document":"f82e5363-1632-43dd-ac76-9493aeca082f","mimeType":"image/svg+xml","contentLength":366,"createdAt":"2021-11-09T19:57:10.803Z","updatedAt":"2021-11-09T19:57:10.000Z","parentId":87,"npath":"Icons/preview.svg","meta":[{"key":"alt","value":"preview editor","id":112}]},{"id":103,"name":"dam.svg","provider":"s3","document":"eba18081-d041-4478-92ac-e285e6b3a500","mimeType":"image/svg+xml","contentLength":572,"createdAt":"2021-11-09T19:57:10.988Z","updatedAt":"2021-11-09T19:57:11.000Z","parentId":87,"npath":"Icons/dam.svg","meta":[{"key":"alt","value":"digital asset management","id":106}]},{"id":104,"name":"omni-channel.svg","provider":"s3","document":"84333b22-03d6-4f52-a229-3da2d09b56d8","mimeType":"image/svg+xml","contentLength":560,"createdAt":"2021-11-09T19:57:11.011Z","updatedAt":"2021-11-09T19:57:11.000Z","parentId":87,"npath":"Icons/omni-channel.svg","meta":[{"key":"alt","value":"omni-channel","id":110}]},{"id":106,"name":"versioning.svg","provider":"s3","document":"329849e0-533d-4d9c-b133-59d463a67c7b","mimeType":"image/svg+xml","contentLength":349,"createdAt":"2021-11-09T19:57:45.000Z","updatedAt":"2021-11-09T19:57:45.000Z","parentId":87,"npath":"Icons/versioning.svg","meta":[{"key":"alt","value":"post versioning","id":115}]},{"id":108,"name":"data-structure-.svg","provider":"s3","document":"c3a1951f-0000-4090-bb50-896469be0377","mimeType":"image/svg+xml","contentLength":470,"createdAt":"2021-11-09T19:58:28.555Z","updatedAt":"2021-11-09T20:02:56.000Z","parentId":87,"npath":"Icons/data-structure-.svg","meta":[{"key":"alt","value":"data structures","id":107}]},{"id":109,"name":"burdy (2).png","provider":"s3","document":"f196a959-8174-4a65-afaa-f8e70ca0da4d","mimeType":"image/png","contentLength":328496,"createdAt":"2021-11-09T21:54:46.523Z","updatedAt":"2021-11-09T21:54:46.000Z","parentId":35,"npath":"Images/burdy (2).png","meta":[{"key":"height","value":"828","id":89},{"key":"width","value":"1946","id":90}]},{"id":110,"name":"vivid.jpg","provider":"s3","document":"524de14e-3bf4-4381-8dc6-9d0480a6ef3d","mimeType":"image/jpeg","contentLength":55642,"createdAt":"2021-11-10T16:32:07.213Z","updatedAt":"2021-11-10T16:32:07.000Z","parentId":null,"npath":"vivid.jpg","meta":[{"key":"height","value":"166","id":91},{"key":"width","value":"750","id":92},{"key":"alt","value":"gradient","id":96}]},{"id":111,"name":"Assets","provider":null,"document":null,"mimeType":"application/vnd.burdy.folder","contentLength":null,"createdAt":"2021-11-13T14:38:14.739Z","updatedAt":"2021-11-13T14:38:14.000Z","parentId":17,"npath":"Docs/Assets","meta":[]},{"id":113,"name":"create-a-folder.gif","provider":"s3","document":"82b5f500-4063-436a-93a6-197314cd2303","mimeType":"image/gif","contentLength":1334974,"createdAt":"2021-11-13T14:41:37.325Z","updatedAt":"2021-11-13T14:42:15.000Z","parentId":111,"npath":"Docs/Assets/create-a-folder.gif","meta":[{"key":"height","value":"584","id":118},{"key":"width","value":"1152","id":119},{"key":"alt","value":"creating a folder","id":120}]},{"id":114,"name":"Sites","provider":null,"document":null,"mimeType":"application/vnd.burdy.folder","contentLength":null,"createdAt":"2021-11-14T08:30:09.500Z","updatedAt":"2021-11-14T08:30:09.000Z","parentId":17,"npath":"Docs/Sites","meta":[]},{"id":116,"name":"column-view.png","provider":"s3","document":"d4729dc7-cce1-4723-b79a-4145077a62b0","mimeType":"image/png","contentLength":260364,"createdAt":"2021-11-14T08:37:35.714Z","updatedAt":"2021-11-14T08:37:35.000Z","parentId":114,"npath":"Docs/Sites/column-view.png","meta":[{"key":"height","value":"1272","id":123},{"key":"width","value":"2266","id":124}]},{"id":117,"name":"sites-new-menu.png","provider":"s3","document":"6e26f5e7-dfac-447e-b99d-98df44ebd33b","mimeType":"image/png","contentLength":62712,"createdAt":"2021-11-14T08:49:02.779Z","updatedAt":"2021-11-14T08:49:02.000Z","parentId":114,"npath":"Docs/Sites/sites-new-menu.png","meta":[{"key":"height","value":"574","id":125},{"key":"width","value":"988","id":126}]},{"id":118,"name":"new-page.png","provider":"s3","document":"1ad9c5f1-32c8-48f1-a0eb-d5f813f3a60a","mimeType":"image/png","contentLength":308061,"createdAt":"2021-11-14T08:52:38.080Z","updatedAt":"2021-11-14T08:52:38.000Z","parentId":114,"npath":"Docs/Sites/new-page.png","meta":[{"key":"height","value":"1270","id":127},{"key":"width","value":"2286","id":128}]},{"id":120,"name":"tag-selector.png","provider":"s3","document":"610758a5-2945-4c67-8c2d-560d77903127","mimeType":"image/png","contentLength":251048,"createdAt":"2021-11-14T09:26:04.774Z","updatedAt":"2021-11-14T09:26:04.000Z","parentId":114,"npath":"Docs/Sites/tag-selector.png","meta":[{"key":"height","value":"1216","id":131},{"key":"width","value":"2186","id":132}]},{"id":121,"name":"page-tags.png","provider":"s3","document":"47f9c20f-227f-4d5c-84ae-df62d9139908","mimeType":"image/png","contentLength":72162,"createdAt":"2021-11-14T09:26:53.618Z","updatedAt":"2021-11-14T09:26:53.000Z","parentId":114,"npath":"Docs/Sites/page-tags.png","meta":[{"key":"height","value":"720","id":133},{"key":"width","value":"682","id":134}]},{"id":122,"name":"delete.png","provider":"s3","document":"cdf57c6a-6331-4b13-ba99-8eb2d829774d","mimeType":"image/png","contentLength":276924,"createdAt":"2021-11-14T09:43:57.107Z","updatedAt":"2021-11-14T09:43:57.000Z","parentId":114,"npath":"Docs/Sites/delete.png","meta":[{"key":"height","value":"1228","id":135},{"key":"width","value":"2182","id":136}]},{"id":123,"name":"copy.png","provider":"s3","document":"9ec9c8cd-a595-4e95-bf82-48016100e23b","mimeType":"image/png","contentLength":265324,"createdAt":"2021-11-14T09:51:11.552Z","updatedAt":"2021-11-14T09:51:11.000Z","parentId":114,"npath":"Docs/Sites/copy.png","meta":[{"key":"height","value":"1226","id":137},{"key":"width","value":"2182","id":138}]},{"id":124,"name":"copy-success.png","provider":"s3","document":"9bdeaccd-8c51-4cc4-b6b8-d0e9c1097e94","mimeType":"image/png","contentLength":205827,"createdAt":"2021-11-14T09:54:00.379Z","updatedAt":"2021-11-14T09:54:00.000Z","parentId":114,"npath":"Docs/Sites/copy-success.png","meta":[{"key":"height","value":"1152","id":139},{"key":"width","value":"1868","id":140}]},{"id":125,"name":"publish.png","provider":"s3","document":"b0ca10a1-4d0c-4d47-a525-3a92622c9e87","mimeType":"image/png","contentLength":271258,"createdAt":"2021-11-14T10:02:34.716Z","updatedAt":"2021-11-14T10:02:34.000Z","parentId":114,"npath":"Docs/Sites/publish.png","meta":[{"key":"height","value":"1224","id":141},{"key":"width","value":"2180","id":142}]},{"id":126,"name":"publish-schedule.png","provider":"s3","document":"02658db5-5836-4737-b574-9fcfbad5e5c4","mimeType":"image/png","contentLength":299768,"createdAt":"2021-11-14T10:02:34.842Z","updatedAt":"2021-11-14T10:02:34.000Z","parentId":114,"npath":"Docs/Sites/publish-schedule.png","meta":[{"key":"height","value":"1222","id":143},{"key":"width","value":"2180","id":144}]},{"id":127,"name":"unpublish.png","provider":"s3","document":"46442e73-6321-4819-9c47-34b88dbfa3dd","mimeType":"image/png","contentLength":284985,"createdAt":"2021-11-14T10:03:22.016Z","updatedAt":"2021-11-14T10:03:22.000Z","parentId":114,"npath":"Docs/Sites/unpublish.png","meta":[{"key":"height","value":"1224","id":145},{"key":"width","value":"2182","id":146}]},{"id":128,"name":"publish-schedule (1).png","provider":"s3","document":"f57d3e1e-b72a-40c7-89e6-5e2dfda0ebbb","mimeType":"image/png","contentLength":75003,"createdAt":"2021-11-14T10:14:29.171Z","updatedAt":"2021-11-14T10:14:29.000Z","parentId":114,"npath":"Docs/Sites/publish-schedule (1).png","meta":[{"key":"height","value":"688","id":147},{"key":"width","value":"584","id":148}]},{"id":129,"name":"publish-schedule-date.png","provider":"s3","document":"7fb74ce5-37ac-4516-9806-4d6f9cd4fbcb","mimeType":"image/png","contentLength":99398,"createdAt":"2021-11-14T10:14:29.185Z","updatedAt":"2021-11-14T10:14:29.000Z","parentId":114,"npath":"Docs/Sites/publish-schedule-date.png","meta":[{"key":"height","value":"760","id":149},{"key":"width","value":"810","id":150}]},{"id":130,"name":"update.png","provider":"s3","document":"e3c6e5f1-2c47-4eac-bde0-693ef3996497","mimeType":"image/png","contentLength":276247,"createdAt":"2021-11-14T10:21:17.019Z","updatedAt":"2021-11-14T10:21:17.000Z","parentId":114,"npath":"Docs/Sites/update.png","meta":[{"key":"height","value":"1224","id":151},{"key":"width","value":"2184","id":152}]},{"id":131,"name":"Content Types","provider":null,"document":null,"mimeType":"application/vnd.burdy.folder","contentLength":null,"createdAt":"2021-11-14T13:19:04.796Z","updatedAt":"2021-11-14T13:19:04.000Z","parentId":17,"npath":"Docs/Content Types","meta":[]},{"id":132,"name":"content-types.png","provider":"s3","document":"b471b226-6112-47ca-ae2b-dede1d90e332","mimeType":"image/png","contentLength":259128,"createdAt":"2021-11-14T13:19:21.420Z","updatedAt":"2021-11-14T13:19:21.000Z","parentId":131,"npath":"Docs/Content Types/content-types.png","meta":[{"key":"height","value":"1228","id":153},{"key":"width","value":"2186","id":154}]},{"id":133,"name":"new-content-type.png","provider":"s3","document":"c4a00fef-beaa-4ed2-95f3-e0c881337e40","mimeType":"image/png","contentLength":265354,"createdAt":"2021-11-14T14:59:07.464Z","updatedAt":"2021-11-14T14:59:07.000Z","parentId":131,"npath":"Docs/Content Types/new-content-type.png","meta":[{"key":"height","value":"1228","id":155},{"key":"width","value":"2184","id":156}]},{"id":134,"name":"drag-and-drop.gif","provider":"s3","document":"3e7d4195-da48-4ae1-be44-5e4ec97a692f","mimeType":"image/gif","contentLength":1410013,"createdAt":"2021-11-14T15:13:44.959Z","updatedAt":"2021-11-14T15:14:04.000Z","parentId":111,"npath":"Docs/Assets/drag-and-drop.gif","meta":[{"key":"height","value":"584","id":157},{"key":"width","value":"1152","id":158},{"key":"alt","value":"drag and drop upload","id":159}]},{"id":135,"name":"asset-details.png","provider":"s3","document":"c07c47b4-b247-4dc1-ae1f-8584ef4a67c6","mimeType":"image/png","contentLength":102766,"createdAt":"2021-11-14T15:16:15.749Z","updatedAt":"2021-11-14T15:16:26.000Z","parentId":111,"npath":"Docs/Assets/asset-details.png","meta":[{"key":"height","value":"868","id":160},{"key":"width","value":"1727","id":161},{"key":"alt","value":"asset details","id":162}]},{"id":136,"name":"asset-rename.png","provider":"s3","document":"a01b5153-ecfd-47e3-9e09-cbd08e7ef83c","mimeType":"image/png","contentLength":37148,"createdAt":"2021-11-14T15:21:20.075Z","updatedAt":"2021-11-14T15:21:29.000Z","parentId":111,"npath":"Docs/Assets/asset-rename.png","meta":[{"key":"height","value":"448","id":163},{"key":"width","value":"762","id":164},{"key":"alt","value":"renaming assets","id":165}]},{"id":137,"name":"asset-deletion.png","provider":"s3","document":"865a476b-b5a0-494d-a1e3-e791a3b27d5d","mimeType":"image/png","contentLength":57518,"createdAt":"2021-11-14T15:24:53.176Z","updatedAt":"2021-11-14T15:25:01.000Z","parentId":111,"npath":"Docs/Assets/asset-deletion.png","meta":[{"key":"height","value":"506","id":166},{"key":"width","value":"956","id":167},{"key":"alt","value":"delete assets","id":168}]},{"id":138,"name":"field-select.png","provider":"s3","document":"cdbc264c-643a-41a7-9fe0-9f6a70463640","mimeType":"image/png","contentLength":297738,"createdAt":"2021-11-14T15:27:53.282Z","updatedAt":"2021-11-14T15:27:53.000Z","parentId":131,"npath":"Docs/Content Types/field-select.png","meta":[{"key":"height","value":"1226","id":169},{"key":"width","value":"2186","id":170}]},{"id":139,"name":"Users","provider":null,"document":null,"mimeType":"application/vnd.burdy.folder","contentLength":null,"createdAt":"2021-11-14T15:36:46.284Z","updatedAt":"2021-11-14T15:36:46.000Z","parentId":17,"npath":"Docs/Users","meta":[]},{"id":140,"name":"users-tab.png","provider":"s3","document":"d253601d-0632-4860-9911-db899f415ef0","mimeType":"image/png","contentLength":53095,"createdAt":"2021-11-14T15:36:49.499Z","updatedAt":"2021-11-14T15:37:06.000Z","parentId":139,"npath":"Docs/Users/users-tab.png","meta":[{"key":"height","value":"513","id":171},{"key":"width","value":"1920","id":172},{"key":"alt","value":"users tab","id":173}]},{"id":141,"name":"configure-field.png","provider":"s3","document":"ff19c2b4-1d32-4376-a2c0-2185eadc4591","mimeType":"image/png","contentLength":238974,"createdAt":"2021-11-14T15:38:29.928Z","updatedAt":"2021-11-14T15:38:29.000Z","parentId":131,"npath":"Docs/Content Types/configure-field.png","meta":[{"key":"height","value":"1226","id":174},{"key":"width","value":"2182","id":175}]},{"id":142,"name":"create-user.png","provider":"s3","document":"b087ba48-bb46-4d53-ad22-c1cefdabd1ff","mimeType":"image/png","contentLength":46334,"createdAt":"2021-11-14T15:40:30.476Z","updatedAt":"2021-11-14T15:40:39.000Z","parentId":139,"npath":"Docs/Users/create-user.png","meta":[{"key":"height","value":"906","id":176},{"key":"width","value":"643","id":177},{"key":"alt","value":"creating a user","id":180}]},{"id":143,"name":"field-example.png","provider":"s3","document":"9d57fd95-e47c-4086-8f17-865e53bf2dc3","mimeType":"image/png","contentLength":259127,"createdAt":"2021-11-14T15:40:39.212Z","updatedAt":"2021-11-14T15:40:39.000Z","parentId":131,"npath":"Docs/Content Types/field-example.png","meta":[{"key":"height","value":"1226","id":178},{"key":"width","value":"2182","id":179}]},{"id":144,"name":"group-selection-initial.png","provider":"s3","document":"5a04f846-783e-4184-b562-a61b93e194ad","mimeType":"image/png","contentLength":37673,"createdAt":"2021-11-14T15:43:58.325Z","updatedAt":"2021-11-14T15:44:43.000Z","parentId":139,"npath":"Docs/Users/group-selection-initial.png","meta":[{"key":"height","value":"905","id":181},{"key":"width","value":"624","id":182},{"key":"alt","value":"adding groups to a new user","id":189}]},{"id":146,"name":"group-selection.png","provider":"s3","document":"847f483e-01b9-4a5b-9615-fbdbf8ea4760","mimeType":"image/png","contentLength":32305,"createdAt":"2021-11-14T15:44:13.266Z","updatedAt":"2021-11-14T15:44:31.000Z","parentId":139,"npath":"Docs/Users/group-selection.png","meta":[{"key":"height","value":"906","id":185},{"key":"width","value":"637","id":186},{"key":"alt","value":"selecting groups to add","id":190}]},{"id":147,"name":"editor-example.png","provider":"s3","document":"7f00be25-da06-4911-9b21-d40054409b42","mimeType":"image/png","contentLength":154373,"createdAt":"2021-11-14T15:44:50.518Z","updatedAt":"2021-11-14T15:44:50.000Z","parentId":131,"npath":"Docs/Content Types/editor-example.png","meta":[{"key":"height","value":"1224","id":187},{"key":"width","value":"2184","id":188}]},{"id":148,"name":"user-list-after-creation.png","provider":"s3","document":"faadd78c-995a-404d-998f-c57669a8733b","mimeType":"image/png","contentLength":37639,"createdAt":"2021-11-14T15:48:35.509Z","updatedAt":"2021-11-14T15:48:53.000Z","parentId":139,"npath":"Docs/Users/user-list-after-creation.png","meta":[{"key":"height","value":"243","id":191},{"key":"width","value":"1617","id":192},{"key":"alt","value":"user creation list","id":193}]},{"id":149,"name":"edit-user.png","provider":"s3","document":"c6c931fd-592c-44fe-928c-285fc0c908fc","mimeType":"image/png","contentLength":41225,"createdAt":"2021-11-14T15:54:44.675Z","updatedAt":"2021-11-14T15:54:50.000Z","parentId":139,"npath":"Docs/Users/edit-user.png","meta":[{"key":"height","value":"905","id":194},{"key":"width","value":"641","id":195},{"key":"alt","value":"editing a user","id":196}]},{"id":150,"name":"group-list.png","provider":"s3","document":"a979d41c-e197-4817-bd96-a33d8c72a3e8","mimeType":"image/png","contentLength":62582,"createdAt":"2021-11-14T15:57:22.504Z","updatedAt":"2021-11-14T15:57:38.000Z","parentId":139,"npath":"Docs/Users/group-list.png","meta":[{"key":"height","value":"417","id":197},{"key":"width","value":"1913","id":198},{"key":"alt","value":"group list","id":199}]},{"id":151,"name":"creating-a-group.png","provider":"s3","document":"172f28c4-2d7a-4881-b176-eb35e9833ac9","mimeType":"image/png","contentLength":67851,"createdAt":"2021-11-14T16:01:06.700Z","updatedAt":"2021-11-14T16:01:15.000Z","parentId":139,"npath":"Docs/Users/creating-a-group.png","meta":[{"key":"height","value":"902","id":200},{"key":"width","value":"644","id":201},{"key":"alt","value":"creating a group","id":205}]},{"id":152,"name":"creating-a-group-permissions.png","provider":"s3","document":"dd7767e2-5627-4683-898c-b0be280876ef","mimeType":"image/png","contentLength":56227,"createdAt":"2021-11-14T16:01:47.871Z","updatedAt":"2021-11-14T16:02:00.000Z","parentId":139,"npath":"Docs/Users/creating-a-group-permissions.png","meta":[{"key":"height","value":"909","id":202},{"key":"width","value":"642","id":203},{"key":"alt","value":"creating a group permissions","id":204}]},{"id":153,"name":"creating-author.png","provider":"s3","document":"a93321b0-d371-4beb-a851-a98415cea280","mimeType":"image/gif","contentLength":7311292,"createdAt":"2021-11-14T16:06:19.693Z","updatedAt":"2021-11-14T16:06:36.000Z","parentId":139,"npath":"Docs/Users/creating-author.png","meta":[{"key":"height","value":"548","id":206},{"key":"width","value":"1152","id":207},{"key":"alt","value":"creating authors","id":208}]},{"id":154,"name":"author-user-cms.png","provider":"s3","document":"0713673e-8b26-4d16-b966-5a85c67632a9","mimeType":"image/png","contentLength":72511,"createdAt":"2021-11-14T16:10:36.106Z","updatedAt":"2021-11-14T16:11:12.000Z","parentId":139,"npath":"Docs/Users/author-user-cms.png","meta":[{"key":"height","value":"559","id":209},{"key":"width","value":"1873","id":210},{"key":"alt","value":"author user cms","id":214}]},{"id":155,"name":"author-user-tab.png","provider":"s3","document":"5785102e-e931-419b-a1bb-442be202d969","mimeType":"image/png","contentLength":38213,"createdAt":"2021-11-14T16:10:36.279Z","updatedAt":"2021-11-14T16:10:50.000Z","parentId":139,"npath":"Docs/Users/author-user-tab.png","meta":[{"key":"height","value":"334","id":211},{"key":"width","value":"1920","id":212},{"key":"alt","value":"author user tab","id":213}]},{"id":157,"name":"complex-configuration.png","provider":"s3","document":"afd89def-02b6-490f-b6e1-543d8b12ab51","mimeType":"image/png","contentLength":294625,"createdAt":"2021-11-14T16:35:03.960Z","updatedAt":"2021-11-14T16:35:03.000Z","parentId":131,"npath":"Docs/Content Types/complex-configuration.png","meta":[{"key":"height","value":"1226","id":217},{"key":"width","value":"2182","id":218}]},{"id":158,"name":"complex-configuration (1).png","provider":"s3","document":"77801a4b-5d49-46de-8c84-f8793561dc54","mimeType":"image/png","contentLength":294625,"createdAt":"2021-11-14T16:42:26.819Z","updatedAt":"2021-11-14T16:42:26.000Z","parentId":131,"npath":"Docs/Content Types/complex-configuration (1).png","meta":[{"key":"height","value":"1226","id":219},{"key":"width","value":"2182","id":220}]},{"id":159,"name":"complex-editor.png","provider":"s3","document":"a0f74d98-86a3-4098-bdc7-7d40609c2553","mimeType":"image/png","contentLength":340122,"createdAt":"2021-11-14T16:43:02.694Z","updatedAt":"2021-11-14T16:43:02.000Z","parentId":131,"npath":"Docs/Content Types/complex-editor.png","meta":[{"key":"height","value":"832","id":221},{"key":"width","value":"3380","id":222}]},{"id":160,"name":"update-content-type.png","provider":"s3","document":"15647384-4cfa-413e-ad5a-32a36be5b3ad","mimeType":"image/png","contentLength":300857,"createdAt":"2021-11-14T17:11:34.314Z","updatedAt":"2021-11-14T17:11:34.000Z","parentId":131,"npath":"Docs/Content Types/update-content-type.png","meta":[{"key":"height","value":"1230","id":223},{"key":"width","value":"2186","id":224}]},{"id":161,"name":"delete-content-types-exists.png","provider":"s3","document":"4075fe25-d5d3-447b-86c9-1b358314e6e1","mimeType":"image/png","contentLength":50904,"createdAt":"2021-11-14T17:19:48.534Z","updatedAt":"2021-11-14T17:19:48.000Z","parentId":131,"npath":"Docs/Content Types/delete-content-types-exists.png","meta":[{"key":"height","value":"458","id":225},{"key":"width","value":"634","id":226}]},{"id":162,"name":"delete-content-types.png","provider":"s3","document":"845a52a1-c578-41f3-821f-d87b9b31faaa","mimeType":"image/png","contentLength":286580,"createdAt":"2021-11-14T17:19:49.037Z","updatedAt":"2021-11-14T17:19:49.000Z","parentId":131,"npath":"Docs/Content Types/delete-content-types.png","meta":[{"key":"height","value":"1228","id":227},{"key":"width","value":"2186","id":228}]},{"id":163,"name":"complex-editor (1).png","provider":"s3","document":"0a0cc73f-cccd-4245-afac-25019d7c4b97","mimeType":"image/png","contentLength":248718,"createdAt":"2021-11-14T17:33:52.407Z","updatedAt":"2021-11-14T17:33:52.000Z","parentId":131,"npath":"Docs/Content Types/complex-editor (1).png","meta":[{"key":"height","value":"1228","id":229},{"key":"width","value":"2182","id":230}]},{"id":164,"name":"import-content-types-file-added.png","provider":"s3","document":"5d2a7e1e-741d-44bd-98ee-d92e71ebb2dc","mimeType":"image/png","contentLength":47677,"createdAt":"2021-11-14T17:39:20.204Z","updatedAt":"2021-11-14T17:39:20.000Z","parentId":131,"npath":"Docs/Content Types/import-content-types-file-added.png","meta":[{"key":"height","value":"390","id":231},{"key":"width","value":"596","id":232}]},{"id":165,"name":"export-content-types.png","provider":"s3","document":"3596b666-e9d1-4fb1-a3ef-80d78ba65121","mimeType":"image/png","contentLength":100233,"createdAt":"2021-11-14T17:39:20.237Z","updatedAt":"2021-11-14T17:39:20.000Z","parentId":131,"npath":"Docs/Content Types/export-content-types.png","meta":[{"key":"height","value":"536","id":233},{"key":"width","value":"1852","id":234}]},{"id":166,"name":"import-content-types.png","provider":"s3","document":"7c7ef40e-2eae-4dfd-b7df-53176ff8385a","mimeType":"image/png","contentLength":293990,"createdAt":"2021-11-14T17:39:20.662Z","updatedAt":"2021-11-14T17:39:20.000Z","parentId":131,"npath":"Docs/Content Types/import-content-types.png","meta":[{"key":"height","value":"1222","id":235},{"key":"width","value":"2182","id":236}]},{"id":167,"name":"Backups","provider":null,"document":null,"mimeType":"application/vnd.burdy.folder","contentLength":null,"createdAt":"2021-11-16T19:21:18.149Z","updatedAt":"2021-11-16T19:21:18.000Z","parentId":17,"npath":"Docs/Backups","meta":[]},{"id":168,"name":"backup-list.png","provider":"s3","document":"65dc25d6-b9f8-4927-ad69-c57166b915f7","mimeType":"image/png","contentLength":108238,"createdAt":"2021-11-16T19:21:22.010Z","updatedAt":"2021-11-16T19:21:50.000Z","parentId":167,"npath":"Docs/Backups/backup-list.png","meta":[{"key":"height","value":"703","id":237},{"key":"width","value":"1920","id":238},{"key":"alt","value":"backup list","id":239}]},{"id":169,"name":"Preview Editor","provider":null,"document":null,"mimeType":"application/vnd.burdy.folder","contentLength":null,"createdAt":"2021-11-20T09:45:36.430Z","updatedAt":"2021-11-20T09:45:36.000Z","parentId":17,"npath":"Docs/Preview Editor","meta":[]},{"id":170,"name":"preview-editor.png","provider":"s3","document":"28f7a214-acf2-48f2-b199-98987482bba0","mimeType":"image/png","contentLength":401715,"createdAt":"2021-11-20T09:45:50.452Z","updatedAt":"2021-11-20T09:45:50.000Z","parentId":169,"npath":"Docs/Preview Editor/preview-editor.png","meta":[{"key":"height","value":"1426","id":240},{"key":"width","value":"2372","id":241}]},{"id":171,"name":"Quick Start","provider":null,"document":null,"mimeType":"application/vnd.burdy.folder","contentLength":null,"createdAt":"2021-11-21T01:01:16.417Z","updatedAt":"2021-11-21T01:01:16.000Z","parentId":17,"npath":"Docs/Quick Start","meta":[]},{"id":172,"name":"create-first-account.png","provider":"s3","document":"d6b7aa38-fd82-45cd-9d7e-749f06112581","mimeType":"image/png","contentLength":25611,"createdAt":"2021-11-21T01:01:20.032Z","updatedAt":"2021-11-21T01:01:27.000Z","parentId":171,"npath":"Docs/Quick Start/create-first-account.png","meta":[{"key":"height","value":"470","id":242},{"key":"width","value":"483","id":243},{"key":"alt","value":"create first account","id":244}]},{"id":173,"name":"DigitalOcean Deployment","provider":null,"document":null,"mimeType":"application/vnd.burdy.folder","contentLength":null,"createdAt":"2021-11-23T22:32:39.077Z","updatedAt":"2021-11-23T22:32:39.000Z","parentId":17,"npath":"Docs/DigitalOcean Deployment","meta":[]},{"id":176,"name":"creating-space.png","provider":"s3","document":"98ea42d3-8520-4bf8-8111-46d03217d6d7","mimeType":"image/png","contentLength":152318,"createdAt":"2021-11-23T22:33:45.985Z","updatedAt":"2021-11-23T22:34:22.000Z","parentId":173,"npath":"Docs/DigitalOcean Deployment/creating-space.png","meta":[{"key":"height","value":"971","id":250},{"key":"width","value":"1691","id":251},{"key":"alt","value":"creating a space","id":252}]},{"id":177,"name":"space-endpoint.png","provider":"s3","document":"aa24d12f-4582-477f-ac86-8db89893e376","mimeType":"image/png","contentLength":109310,"createdAt":"2021-11-23T22:38:36.156Z","updatedAt":"2021-11-23T22:38:51.000Z","parentId":173,"npath":"Docs/DigitalOcean Deployment/space-endpoint.png","meta":[{"key":"height","value":"657","id":253},{"key":"width","value":"1701","id":254},{"key":"alt","value":"space endpoint","id":255}]},{"id":178,"name":"space-access-key.png","provider":"s3","document":"75731c10-ca83-4f3d-9b17-54ce031369db","mimeType":"image/png","contentLength":84731,"createdAt":"2021-11-23T22:42:15.238Z","updatedAt":"2021-11-23T22:42:23.000Z","parentId":173,"npath":"Docs/DigitalOcean Deployment/space-access-key.png","meta":[{"key":"height","value":"598","id":256},{"key":"width","value":"1703","id":257},{"key":"alt","value":"space access key","id":258}]},{"id":179,"name":"create-db-1.png","provider":"s3","document":"50ff9a65-270d-40cf-9087-63a89301e04f","mimeType":"image/png","contentLength":165811,"createdAt":"2021-11-23T22:57:50.846Z","updatedAt":"2021-11-23T22:58:13.000Z","parentId":173,"npath":"Docs/DigitalOcean Deployment/create-db-1.png","meta":[{"key":"height","value":"970","id":259},{"key":"width","value":"1697","id":260}]},{"id":180,"name":"create-db-2.png","provider":"s3","document":"6a9f005b-95f3-4e9a-a494-66be4625b46b","mimeType":"image/png","contentLength":121729,"createdAt":"2021-11-23T22:57:51.362Z","updatedAt":"2021-11-23T22:58:05.000Z","parentId":173,"npath":"Docs/DigitalOcean Deployment/create-db-2.png","meta":[{"key":"height","value":"815","id":261},{"key":"width","value":"1698","id":262}]},{"id":181,"name":"creating-app.png","provider":"s3","document":"c7da3f2f-0904-4a3f-af0f-430f008528db","mimeType":"image/png","contentLength":71168,"createdAt":"2021-11-26T22:07:36.465Z","updatedAt":"2021-11-26T22:07:44.000Z","parentId":173,"npath":"Docs/DigitalOcean Deployment/creating-app.png","meta":[{"key":"height","value":"724","id":263},{"key":"width","value":"1689","id":264}]},{"id":183,"name":"sites.png","provider":"s3","document":"9b53d0a4-86c5-443b-b5d2-06f0f3925d9e","mimeType":"image/png","contentLength":153380,"createdAt":"2022-01-09T18:13:55.935Z","updatedAt":"2022-01-09T18:13:55.000Z","parentId":169,"npath":"Docs/Preview Editor/sites.png","meta":[{"key":"height","value":"1206","id":267},{"key":"width","value":"1564","id":268}]}]
