[{"name":"seo","type":"component","fields":[{"type":"text","name":"title","label":"Title","required_$type":"checkbox","required":"false","defaultValue_$type":"text","defaultValue":"","multiline_$type":"checkbox","multiline":"false"},{"type":"text","name":"description","label":"Description","required_$type":"checkbox","required":"false","defaultValue_$type":"text","defaultValue":"","multiline_$type":"checkbox","multiline":"false"},{"type":"images","name":"featured","label":"Featured","multiSelect_$type":"checkbox","multiSelect":"false"}]},{"name":"cta","type":"component","fields":[{"type":"text","name":"text","label":"Text","required_$type":"checkbox","required":"false","defaultValue_$type":"text","defaultValue":"","multiline_$type":"checkbox","multiline":"false"},{"type":"text","name":"href","label":"Href","required_$type":"checkbox","required":"false","defaultValue_$type":"text","defaultValue":"","multiline_$type":"checkbox","multiline":"false"}]},{"name":"contact-us-page","type":"page","fields":[{"type":"group","name":"hero","label":"Hero","fields":[{"type":"text","name":"subtitle","label":"Subtitle","required_$type":"checkbox","required":"false","defaultValue_$type":"text","defaultValue":"","multiline_$type":"checkbox","multiline":"false"},{"type":"text","name":"title","label":"Title","required_$type":"checkbox","required":"false","defaultValue_$type":"text","defaultValue":"","multiline_$type":"checkbox","multiline":"false"}]},{"type":"repeatable","name":"sections","label":"Sections","max_$type":"number","max":"3","fields":[{"type":"text","name":"title","label":"Title","required_$type":"checkbox","required":"false","defaultValue_$type":"text","defaultValue":"","multiline_$type":"checkbox","multiline":"false"},{"type":"text","name":"benefits","label":"Benefits","required_$type":"checkbox","required":"false","defaultValue_$type":"text","defaultValue":"","multiline_$type":"checkbox","multiline":"false"},{"type":"text","name":"text","label":"Text","required_$type":"checkbox","required":"false","defaultValue_$type":"text","defaultValue":"","multiline_$type":"checkbox","multiline":"true"},{"type":"images","name":"image","label":"Image","multiSelect_$type":"checkbox","multiSelect":"false"}]},{"type":"tab","name":"seo_tab","label":"Seo"},{"type":"custom","name":"seo","label":"","component_$type":"components_dropdown","component":"seo"}]},{"name":"docs-page","type":"page","fields":[{"type":"richtext","name":"content","label":"Content"},{"type":"tab","name":"seo_tab","label":"Seo"},{"type":"custom","name":"seo","label":"","component_$type":"components_dropdown","component":"seo-component"}]},{"name":"side-nav","type":"fragment","fields":[{"type":"repeatable","name":"groups","label":"Groups","max_$type":"number","max":"50","fields":[{"type":"text","name":"title","label":"Title","required_$type":"checkbox","required":"false","defaultValue_$type":"text","defaultValue":"","multiline_$type":"checkbox","multiline":"false"},{"type":"repeatable","name":"children","label":"Children","max_$type":"number","max":"50","fields":[{"type":"text","name":"title","label":"Title","required_$type":"checkbox","required":"false","defaultValue_$type":"text","defaultValue":"","multiline_$type":"checkbox","multiline":"false"},{"type":"text","name":"link","label":"Link","required_$type":"checkbox","required":"false","defaultValue_$type":"text","defaultValue":"","multiline_$type":"checkbox","multiline":"false"}]}]}]},{"name":"docs-post","type":"post","fields":[{"type":"richtext","name":"content","label":"Content"},{"type":"tab","name":"seo_tab","label":"Seo"},{"type":"custom","name":"seo","label":"","component_$type":"components_dropdown","component":"seo-component"}]},{"name":"blog-page","type":"page","fields":[{"type":"tab","label":"General","name":"general"},{"type":"text","label":"Title","name":"title","required_$type":"checkbox","required":"false","defaultValue_$type":"text","defaultValue":"","multiline_$type":"checkbox","multiline":"false"},{"type":"text","label":"Description","name":"description","required_$type":"checkbox","required":"false","defaultValue_$type":"text","defaultValue":"","multiline_$type":"checkbox","multiline":"false"},{"type":"images","label":"Image","name":"image","multiSelect_$type":"checkbox","multiSelect":"false"},{"type":"tab","label":"SEO","name":"seo-tab"},{"type":"custom","label":"SEO","name":"seo","allowToggle_$type":"checkbox","allowToggle":"false","component_$type":"components_dropdown","component":"seo"}]},{"name":"blog-post","type":"post","fields":[{"type":"tab","name":"general","label":"General"},{"type":"text","name":"title","label":"Title","required_$type":"checkbox","required":"false","defaultValue_$type":"text","defaultValue":"","multiline_$type":"checkbox","multiline":"false"},{"type":"text","name":"description","label":"Description","required_$type":"checkbox","required":"false","defaultValue_$type":"text","defaultValue":"","multiline_$type":"checkbox","multiline":"true"},{"type":"images","name":"featured","label":"Featured","multiSelect_$type":"checkbox","multiSelect":"false"},{"type":"richtext","name":"content","label":"Content"},{"type":"tab","name":"seo_tab","label":"SEO"},{"type":"custom","label":"","name":"seo","allowToggle_$type":"checkbox","allowToggle":"false","component_$type":"components_dropdown","component":"seo-component"}]},{"name":"comparison-page","type":"page","fields":[{"type":"richtext","label":"Content","name":"content"},{"type":"richtext","label":"Content Down","name":"contentDown"},{"type":"tab","label":"SEO","name":"seo-tab"},{"type":"custom","label":"SEO","name":"seo","component_$type":"components_dropdown","component":"seo"}]},{"name":"content","type":"component","fields":[{"type":"text","label":"Title","name":"title","required_$type":"checkbox","required":"false","defaultValue_$type":"text","defaultValue":"","multiline_$type":"checkbox","multiline":"false"},{"type":"text","label":"Caption","name":"caption","required_$type":"checkbox","required":"false","defaultValue_$type":"text","defaultValue":"","multiline_$type":"checkbox","multiline":"false"},{"type":"text","label":"Description","name":"description","required_$type":"checkbox","required":"false","defaultValue_$type":"text","defaultValue":"","multiline_$type":"checkbox","multiline":"false"},{"type":"tab","label":"Advanced","name":"advanced"},{"type":"images","label":"Image","name":"image","multiSelect_$type":"checkbox","multiSelect":"false"},{"type":"dropdown","label":"Align","name":"align","options_$type":"text","options":"left\ncenter\nright\n","defaultValue_$type":"text","defaultValue":"left","multiSelect_$type":"checkbox","multiSelect":"false"},{"type":"dropdown","label":"MobileAlign","name":"mobileAlign","options_$type":"text","options":"left\ncenter\nright","defaultValue_$type":"text","defaultValue":"left","multiSelect_$type":"checkbox","multiSelect":"false"},{"type":"custom","label":"Primary Action","name":"primaryAction","component_$type":"components_dropdown","component":"button","allowToggle_$type":"checkbox","allowToggle":"true"},{"type":"custom","label":"Secondary Action","name":"secondaryAction","component_$type":"components_dropdown","component":"button","allowToggle_$type":"checkbox","allowToggle":"true"},{"type":"text","label":"TitleHtml","name":"titleHtml","required_$type":"checkbox","required":"false","defaultValue_$type":"text","defaultValue":"","multiline_$type":"checkbox","multiline":"false"},{"type":"custom","label":"Title El","name":"titleEl","component_$type":"components_dropdown","component":"typography"}]},{"name":"button","type":"component","fields":[{"type":"text","label":"Title","name":"title","required_$type":"checkbox","required":"false","defaultValue_$type":"text","defaultValue":"","multiline_$type":"checkbox","multiline":"false"},{"type":"dropdown","label":"Variant","name":"variant","options_$type":"text","options":"contained\noutlined\ntext","defaultValue_$type":"text","defaultValue":"text","multiSelect_$type":"checkbox","multiSelect":"false"},{"type":"text","label":"Href","name":"href","required_$type":"checkbox","required":"false","defaultValue_$type":"text","defaultValue":"","multiline_$type":"checkbox","multiline":"false"},{"type":"dropdown","label":"Target","name":"target","options_$type":"text","options":"_blank\n_self","defaultValue_$type":"text","defaultValue":"_self","multiSelect_$type":"checkbox","multiSelect":"false"}]},{"name":"typography","type":"component","fields":[{"type":"text","label":"Title","name":"title","required_$type":"checkbox","required":"false","defaultValue_$type":"text","defaultValue":"","multiline_$type":"checkbox","multiline":"false"},{"type":"dropdown","label":"Variant","name":"variant","options_$type":"text","options":"h1\nh2\nh3\nh4\nh5\nh6\nsubtitle1\nsubtitle2\nbody1\nbody2\ninherit","defaultValue_$type":"text","defaultValue":"body1","multiSelect_$type":"checkbox","multiSelect":"false"}]},{"name":"feature","type":"component","fields":[{"type":"text","label":"Title","name":"title","required_$type":"checkbox","required":"false","defaultValue_$type":"text","defaultValue":"","multiline_$type":"checkbox","multiline":"false"},{"type":"text","label":"Caption","name":"caption","required_$type":"checkbox","required":"false","defaultValue_$type":"text","defaultValue":"","multiline_$type":"checkbox","multiline":"false"},{"type":"text","label":"Description","name":"description","required_$type":"checkbox","required":"false","defaultValue_$type":"text","defaultValue":"","multiline_$type":"checkbox","multiline":"false"},{"type":"tab","label":"Advanced","name":"advanced"},{"type":"images","label":"Image","name":"image","multiSelect_$type":"checkbox","multiSelect":"false"},{"type":"custom","label":"Primary Action","name":"primaryAction","component_$type":"components_dropdown","component":"button","allowToggle_$type":"checkbox","allowToggle":"true"},{"type":"dropdown","label":"Align","name":"align","options_$type":"text","options":"left\ncenter\nright","defaultValue_$type":"text","defaultValue":"center","multiSelect_$type":"checkbox","multiSelect":"false"},{"type":"dropdown","label":"MobileAlign","name":"mobileAlign","options_$type":"text","options":"left\ncenter\nright","defaultValue_$type":"text","defaultValue":"center","multiSelect_$type":"checkbox","multiSelect":"false"}]},{"name":"layout-section","type":"component","fields":[{"type":"text","label":"Template","name":"template","required_$type":"checkbox","required":"false","defaultValue_$type":"text","defaultValue":"","multiline_$type":"checkbox","multiline":"false"},{"type":"text","label":"Tablet Template","name":"tabletTemplate","required_$type":"checkbox","required":"false","defaultValue_$type":"text","defaultValue":"","multiline_$type":"checkbox","multiline":"false"},{"type":"text","label":"Mobile Template","name":"mobileTemplate","required_$type":"checkbox","required":"false","defaultValue_$type":"text","defaultValue":"1fr","multiline_$type":"checkbox","multiline":"false"},{"type":"number","label":"Gap","name":"gap","required_$type":"checkbox","required":"false","defaultValue_$type":"number","defaultValue":"1"},{"type":"number","label":"Padding","name":"padding","required_$type":"checkbox","required":"false","defaultValue_$type":"number","defaultValue":"1"},{"type":"dropdown","label":"Padding Position","name":"paddingPosition","options_$type":"text","options":"all\ntop\nbottom\nleft\nright\ntop-bottom\nleft-right","defaultValue_$type":"text","defaultValue":"top-bottom","multiSelect_$type":"checkbox","multiSelect":"false"},{"type":"dropdown","label":"Vertical Align","name":"verticalAlign","options_$type":"text","options":"center\nflex-start\nflex-end","defaultValue_$type":"text","defaultValue":"center","multiSelect_$type":"checkbox","multiSelect":"false"},{"type":"tab","label":"Components","name":"components_tab"},{"type":"zone","label":"Components","name":"components","components_$type":"components_dropdown","components":"content,feature,showcase-card,media-card,feature-table,check-list,contact-form,announcement"},{"type":"tab","label":"Advanced","name":"advanced"},{"type":"images","label":"Background Image","name":"backgroundImage","multiSelect_$type":"checkbox","multiSelect":"false"},{"type":"checkbox","label":"Clip Path","name":"clipPath","defaultValue_$type":"choicegroup","defaultValue":"false"},{"type":"tab","label":"Appearance","name":"appearance"},{"type":"colorpicker","label":"Background","name":"background"},{"type":"colorpicker","label":"Color","name":"color"}]},{"name":"showcase-card","type":"component","fields":[{"type":"text","label":"Title","name":"title","required_$type":"checkbox","required":"false","defaultValue_$type":"text","defaultValue":"","multiline_$type":"checkbox","multiline":"false"},{"type":"text","label":"Subtitle","name":"subtitle","required_$type":"checkbox","required":"false","defaultValue_$type":"text","defaultValue":"","multiline_$type":"checkbox","multiline":"false"},{"type":"custom","label":"Link","name":"link","component_$type":"components_dropdown","component":"button"},{"type":"images","label":"Image","name":"image","multiSelect_$type":"checkbox","multiSelect":"false"}]},{"name":"media-card","type":"component","fields":[{"type":"tab","label":"General","name":"general"},{"type":"text","label":"Title","name":"title","required_$type":"checkbox","required":"false","defaultValue_$type":"text","defaultValue":"","multiline_$type":"checkbox","multiline":"false"},{"type":"text","label":"Description","name":"description","required_$type":"checkbox","required":"false","defaultValue_$type":"text","defaultValue":"","multiline_$type":"checkbox","multiline":"false"},{"type":"images","label":"Image","name":"image","multiSelect_$type":"checkbox","multiSelect":"false"},{"type":"tab","label":"Advanced","name":"advanced"},{"type":"custom","label":"avatar","name":"avatar","component_$type":"components_dropdown","component":"avatar"},{"type":"dropdown","label":"Appearance","name":"appearance","options_$type":"text","options":"narrow\nwide","defaultValue_$type":"text","defaultValue":"narrow","multiSelect_$type":"checkbox","multiSelect":"false"}]},{"name":"seo-component","type":"component","fields":[{"type":"text","label":"Title","name":"title","required_$type":"checkbox","required":"false","defaultValue_$type":"text","defaultValue":"","multiline_$type":"checkbox","multiline":"false"},{"type":"text","label":"Description","name":"description","required_$type":"checkbox","required":"false","defaultValue_$type":"text","defaultValue":"","multiline_$type":"checkbox","multiline":"false"},{"type":"images","label":"Featured","name":"featured","multiSelect_$type":"checkbox","multiSelect":"false"}]},{"name":"landing-page","type":"page","fields":[{"type":"zone","label":"Sections","name":"sections","components_$type":"components_dropdown","components":"content-section,feature-section,clipboard-section,layout-section,richtext,steps-section,table,contact-form"},{"type":"tab","label":"Seo Tab","name":"seoTab"},{"type":"custom","label":"Seo","name":"seo","component_$type":"components_dropdown","component":"seo-component"},{"type":"tab","label":"Announcement","name":"announcement_tab"},{"type":"custom","label":"","name":"announcement","component_$type":"components_dropdown","component":"announcement-section","allowToggle_$type":"checkbox","allowToggle":"true"}]},{"name":"feature-table","type":"component","fields":[{"type":"tab","label":"Main","name":"main-tab"},{"type":"text-editor","label":"Header","name":"header","mode_$type":"choicegroup","mode":"json"},{"type":"text-editor","label":"Content","name":"content","mode_$type":"choicegroup","mode":"json"},{"type":"tab","label":"Advanced","name":"advanced"},{"type":"text","label":"Checkmark Text","name":"checkmarkText","required_$type":"checkbox","required":"false","defaultValue_$type":"text","defaultValue":"","multiline_$type":"checkbox","multiline":"false"},{"type":"number","label":"Min Width","name":"minWidth","required_$type":"checkbox","required":"false","defaultValue_$type":"number","defaultValue":""}]},{"name":"check-list","type":"component","fields":[{"type":"tab","label":"General","name":"general"},{"type":"number","label":"Columns","name":"columns","required_$type":"checkbox","required":"false","defaultValue_$type":"number","defaultValue":"1"},{"type":"repeatable","label":"List","name":"list","max_$type":"number","max":"","fields":[{"type":"text","label":"Paragraph","name":"paragraph","required_$type":"checkbox","required":"false","defaultValue_$type":"text","defaultValue":"","multiline_$type":"checkbox","multiline":"false"}]}]},{"name":"contact-form","type":"component","fields":[{"type":"text","label":"Title","name":"title","required_$type":"checkbox","required":"false","defaultValue_$type":"text","defaultValue":"","multiline_$type":"checkbox","multiline":"false"}]},{"name":"announcement-section","type":"component","fields":[{"type":"tab","label":"General","name":"general"},{"type":"text","label":"Title","name":"title","required_$type":"checkbox","required":"false","defaultValue_$type":"text","defaultValue":"","multiline_$type":"checkbox","multiline":"false"},{"type":"text","label":"Caption","name":"caption","required_$type":"checkbox","required":"false","defaultValue_$type":"text","defaultValue":"","multiline_$type":"checkbox","multiline":"false"},{"type":"dropdown","label":"Appearance","name":"appearance","options_$type":"text","options":"normal\nprimary\nsecondary","defaultValue_$type":"text","defaultValue":"","multiSelect_$type":"checkbox","multiSelect":"false"},{"type":"custom","label":"Primary Action","name":"primaryAction","component_$type":"components_dropdown","component":"button"}]},{"name":"header","type":"fragment","fields":[{"type":"tab","label":"General","name":"general"},{"type":"images","label":"Logo","name":"logo","multiSelect_$type":"checkbox","multiSelect":"false"},{"type":"text","label":"Logo Title","name":"logoTitle","required_$type":"checkbox","required":"false","defaultValue_$type":"text","defaultValue":"","multiline_$type":"checkbox","multiline":"false"},{"type":"text","label":"Logo Link","name":"logoLink","required_$type":"checkbox","required":"false","defaultValue_$type":"text","defaultValue":"","multiline_$type":"checkbox","multiline":"false"},{"type":"tab","label":"Links","name":"links_tab"},{"type":"repeatable","label":"Links","name":"links","max_$type":"number","max":"6","fields":[{"type":"custom","label":"Link","name":"link","allowToggle_$type":"checkbox","allowToggle":"false","component_$type":"components_dropdown","component":"button"}]}]},{"name":"avatar","type":"component","fields":[{"type":"text","label":"First Name","name":"firstName","required_$type":"checkbox","required":"false","defaultValue_$type":"text","defaultValue":"","multiline_$type":"checkbox","multiline":"false"},{"type":"text","label":"Last Name","name":"lastName","required_$type":"checkbox","required":"false","defaultValue_$type":"text","defaultValue":"","multiline_$type":"checkbox","multiline":"false"}]},{"name":"footer","type":"fragment","fields":[{"type":"tab","label":"General","name":"general"},{"type":"repeatable","label":"Sections","name":"sections","max_$type":"number","max":"","fields":[{"type":"text","label":"Title","name":"title","required_$type":"checkbox","required":"false","defaultValue_$type":"text","defaultValue":"","multiline_$type":"checkbox","multiline":"false"},{"type":"repeatable","label":"Links","name":"links","max_$type":"number","max":"","fields":[{"type":"text","label":"Title","name":"title","required_$type":"checkbox","required":"false","defaultValue_$type":"text","defaultValue":"","multiline_$type":"checkbox","multiline":"false"},{"type":"text","label":"Href","name":"href","required_$type":"checkbox","required":"false","defaultValue_$type":"text","defaultValue":"","multiline_$type":"checkbox","multiline":"false"},{"type":"dropdown","label":"Target","name":"target","options_$type":"text","options":"_self\n_blank","defaultValue_$type":"text","defaultValue":"_self","multiSelect_$type":"checkbox","multiSelect":"false"}]}]},{"type":"tab","label":"Copyright","name":"copyright-tab"},{"type":"text","label":"Copyright","name":"copyright","required_$type":"checkbox","required":"false","defaultValue_$type":"text","defaultValue":"","multiline_$type":"checkbox","multiline":"false"},{"type":"repeatable","label":"Copyright Links","name":"copyrightLinks","max_$type":"number","max":"","fields":[{"type":"text","label":"Title","name":"title","required_$type":"checkbox","required":"false","defaultValue_$type":"text","defaultValue":"","multiline_$type":"checkbox","multiline":"false"},{"type":"text","label":"Href","name":"href","required_$type":"checkbox","required":"false","defaultValue_$type":"text","defaultValue":"","multiline_$type":"checkbox","multiline":"false"},{"type":"dropdown","label":"Target","name":"target","options_$type":"text","options":"_self\n_blank","defaultValue_$type":"text","defaultValue":"_self","multiSelect_$type":"checkbox","multiSelect":"false"}]},{"type":"tab","label":"Advanced","name":"advanced"},{"type":"dropdown","label":"Max Width","name":"maxWidth","options_$type":"text","options":"xs\nsm\nmd\nmd\nlg\nxl","defaultValue_$type":"text","defaultValue":"lg","multiSelect_$type":"checkbox","multiSelect":"false"}]},{"name":"docs-menu","type":"fragment","fields":[{"type":"tab","label":"General","name":"general"},{"type":"text","label":"Application","name":"application","required_$type":"checkbox","required":"false","defaultValue_$type":"text","defaultValue":"","multiline_$type":"checkbox","multiline":"false"},{"type":"text","label":"Title","name":"title","required_$type":"checkbox","required":"false","defaultValue_$type":"text","defaultValue":"","multiline_$type":"checkbox","multiline":"false"},{"type":"images","label":"Logo","name":"logo","multiSelect_$type":"checkbox","multiSelect":"false"},{"type":"text","label":"Logo Href","name":"logoHref","required_$type":"checkbox","required":"false","defaultValue_$type":"text","defaultValue":"","multiline_$type":"checkbox","multiline":"false"},{"type":"tab","label":"Navigation","name":"navigation"},{"type":"group","label":"Links","name":"links","fields":[{"type":"repeatable","label":"Items","name":"items","max_$type":"number","max":"","fields":[{"type":"text","label":"Title","name":"title","required_$type":"checkbox","required":"false","defaultValue_$type":"text","defaultValue":"","multiline_$type":"checkbox","multiline":"false"},{"type":"repeatable","label":"subLinks","name":"subLinks","max_$type":"number","max":"","fields":[{"type":"text","label":"Title","name":"title","required_$type":"checkbox","required":"false","defaultValue_$type":"text","defaultValue":"","multiline_$type":"checkbox","multiline":"false"},{"type":"text","label":"Href","name":"href","required_$type":"checkbox","required":"false","defaultValue_$type":"text","defaultValue":"","multiline_$type":"checkbox","multiline":"false"}]}]}]}]},{"name":"comparison-page","type":"page","fields":[{"type":"tab","label":"General","name":"general"},{"type":"richtext","label":"Content","name":"content"},{"type":"custom","label":"Comparison Table","name":"comparisonTable","allowToggle_$type":"checkbox","allowToggle":"false","component_$type":"components_dropdown","component":"feature-table"},{"type":"tab","label":"SEO","name":"seo-tab"},{"type":"custom","label":"SEO","name":"seo","allowToggle_$type":"checkbox","allowToggle":"false","component_$type":"components_dropdown","component":"seo"}]},{"name":"content-section","type":"component","fields":[{"type":"text","label":"Title","name":"title","required_$type":"checkbox","required":"false","defaultValue_$type":"text","defaultValue":"","multiline_$type":"checkbox","multiline":"false"},{"type":"dropdown","label":"Title Variant","name":"titleVariant","options_$type":"text","options":"h1\nh2\nh3\nh4\nh5\nh6","defaultValue_$type":"text","defaultValue":"h3","multiSelect_$type":"checkbox","multiSelect":"false"},{"type":"text","label":"Title Font Size","name":"titleFontSize","required_$type":"checkbox","required":"false","defaultValue_$type":"text","defaultValue":"","multiline_$type":"checkbox","multiline":"false"},{"type":"text","label":"Description","name":"description","required_$type":"checkbox","required":"false","defaultValue_$type":"text","defaultValue":"","multiline_$type":"checkbox","multiline":"false"},{"type":"text","label":"Caption","name":"caption","required_$type":"checkbox","required":"false","defaultValue_$type":"text","defaultValue":"","multiline_$type":"checkbox","multiline":"false"},{"type":"tab","label":"Image","name":"image_tab"},{"type":"images","label":"Image","name":"image","multiSelect_$type":"checkbox","multiSelect":"false"},{"type":"dropdown","label":"Image Position","name":"imagePosition","options_$type":"text","options":"left\nright","defaultValue_$type":"text","defaultValue":"right","multiSelect_$type":"checkbox","multiSelect":"false"},{"type":"tab","label":"Appearance","name":"appearance"},{"type":"colorpicker","label":"Background Color","name":"backgroundColor"},{"type":"colorpicker","label":"Color","name":"color"},{"type":"checkbox","label":"Clip Path","name":"clipPath","defaultValue_$type":"choicegroup","defaultValue":"false"},{"type":"tab","label":"Actions","name":"actions"},{"type":"custom","label":"Primary Action","name":"primaryAction","allowToggle_$type":"checkbox","allowToggle":"true","component_$type":"components_dropdown","component":"button"},{"type":"custom","label":"Secondary Action","name":"secondaryAction","allowToggle_$type":"checkbox","allowToggle":"true","component_$type":"components_dropdown","component":"button"},{"type":"tab","label":"Check List","name":"checkList-tab"},{"type":"custom","label":"Check List","name":"checkList","allowToggle_$type":"checkbox","allowToggle":"true","component_$type":"components_dropdown","component":"check-list"}]},{"name":"feature-section","type":"component","fields":[{"type":"text","label":"Title","name":"title","required_$type":"checkbox","required":"false","defaultValue_$type":"text","defaultValue":"","multiline_$type":"checkbox","multiline":"false"},{"type":"dropdown","label":"Title Variant","name":"titleVariant","options_$type":"text","options":"h1\nh2\nh3\nh4\nh5\nh6","defaultValue_$type":"text","defaultValue":"h3","multiSelect_$type":"checkbox","multiSelect":"false"},{"type":"text","label":"Description","name":"description","required_$type":"checkbox","required":"false","defaultValue_$type":"text","defaultValue":"","multiline_$type":"checkbox","multiline":"false"},{"type":"text","label":"Caption","name":"caption","required_$type":"checkbox","required":"false","defaultValue_$type":"text","defaultValue":"","multiline_$type":"checkbox","multiline":"false"},{"type":"tab","label":"Features","name":"features_tab"},{"type":"repeatable","label":"Features","name":"features","max_$type":"number","max":"6","fields":[{"type":"text","label":"Title","name":"title","required_$type":"checkbox","required":"false","defaultValue_$type":"text","defaultValue":"","multiline_$type":"checkbox","multiline":"false"},{"type":"text","label":"Description","name":"description","required_$type":"checkbox","required":"false","defaultValue_$type":"text","defaultValue":"","multiline_$type":"checkbox","multiline":"false"},{"type":"tab","label":"Image","name":"image_tab"},{"type":"images","label":"","name":"image","multiSelect_$type":"checkbox","multiSelect":"false"},{"type":"tab","label":"Actions","name":"actions"},{"type":"custom","label":"Primary Action","name":"primaryAction","allowToggle_$type":"checkbox","allowToggle":"true","component_$type":"components_dropdown","component":"button"}]},{"type":"tab","label":"Appearance","name":"appearance_tab"},{"type":"colorpicker","label":"Background Color","name":"backgroundColor"},{"type":"colorpicker","label":"Color","name":"color"}]},{"name":"richtext","type":"component","fields":[{"type":"richtext","label":"Content","name":"content"},{"type":"dropdown","label":"Max Width","name":"maxWidth","options_$type":"text","options":"none\nxs\nsm\nmd\nlg\nxl\n","defaultValue_$type":"text","defaultValue":"none","multiSelect_$type":"checkbox","multiSelect":"false"}]},{"name":"clipboard-section","type":"component","fields":[{"type":"text","label":"Text","name":"text","required_$type":"checkbox","required":"false","defaultValue_$type":"text","defaultValue":"","multiline_$type":"checkbox","multiline":"false"},{"type":"text","label":"Content","name":"content","required_$type":"checkbox","required":"false","defaultValue_$type":"text","defaultValue":"","multiline_$type":"checkbox","multiline":"false"},{"type":"text","label":"Success Message","name":"successMessage","required_$type":"checkbox","required":"false","defaultValue_$type":"text","defaultValue":"","multiline_$type":"checkbox","multiline":"false"}]},{"name":"steps-section","type":"component","fields":[{"type":"text","label":"Title","name":"title","required_$type":"checkbox","required":"false","defaultValue_$type":"text","defaultValue":"","multiline_$type":"checkbox","multiline":"false"},{"type":"text","label":"Caption","name":"caption","required_$type":"checkbox","required":"false","defaultValue_$type":"text","defaultValue":"","multiline_$type":"checkbox","multiline":"false"},{"type":"dropdown","label":"Type","name":"type","options_$type":"text","options":"position\ntick\nline\nnone","defaultValue_$type":"text","defaultValue":"none","multiSelect_$type":"checkbox","multiSelect":"false"},{"type":"repeatable","label":"Steps","name":"steps","max_$type":"number","max":"6","fields":[{"type":"text","label":"Title","name":"title","required_$type":"checkbox","required":"false","defaultValue_$type":"text","defaultValue":"","multiline_$type":"checkbox","multiline":"false"},{"type":"text","label":"Description","name":"description","required_$type":"checkbox","required":"false","defaultValue_$type":"text","defaultValue":"","multiline_$type":"checkbox","multiline":"false"},{"type":"text","label":"Caption","name":"caption","required_$type":"checkbox","required":"false","defaultValue_$type":"text","defaultValue":"","multiline_$type":"checkbox","multiline":"false"},{"type":"images","label":"Image","name":"image","multiSelect_$type":"checkbox","multiSelect":"false"},{"type":"custom","label":"primaryAction","name":"primaryAction","allowToggle_$type":"checkbox","allowToggle":"true","component_$type":"components_dropdown","component":"button"}]}]},{"name":"table","type":"component","fields":[{"type":"text-editor","label":"Header","name":"header","mode_$type":"choicegroup","mode":"json"},{"type":"text-editor","label":"Content","name":"content","mode_$type":"choicegroup","mode":"json"}]}]
