[{"id":1,"name":"Category","slug":"category","slugPath":"category","createdAt":"2021-10-31T00:39:20.608Z","updatedAt":"2021-10-31T00:39:20.000Z","parentId":null},{"id":3,"name":"Announcement","slug":"announcementtt","slugPath":"category/announcementtt","createdAt":"2021-10-31T00:39:20.736Z","updatedAt":"2021-12-15T17:37:36.238Z","parentId":1},{"id":5,"name":"Tutorial","slug":"tutorial","slugPath":"category/tutorial","createdAt":"2021-10-31T00:39:20.800Z","updatedAt":"2021-10-31T00:39:20.000Z","parentId":1},{"id":6,"name":"Type","slug":"type","slugPath":"type","createdAt":"2021-10-31T00:39:20.830Z","updatedAt":"2021-10-31T00:39:20.000Z","parentId":null},{"id":8,"name":"Docs","slug":"docs","slugPath":"type/docs","createdAt":"2021-10-31T00:39:20.908Z","updatedAt":"2021-10-31T00:39:20.000Z","parentId":6},{"id":10,"name":"Setup","slug":"setup","slugPath":"type/setup","createdAt":"2021-10-31T00:39:20.995Z","updatedAt":"2021-10-31T00:39:21.000Z","parentId":6},{"id":11,"name":"Page Category","slug":"page-category","slugPath":"page-category","createdAt":"2021-11-14T09:22:09.515Z","updatedAt":"2021-11-14T09:22:09.000Z","parentId":null},{"id":12,"name":"Landing","slug":"landing","slugPath":"page-category/landing","createdAt":"2021-11-14T09:22:22.015Z","updatedAt":"2021-11-14T09:24:52.029Z","parentId":11},{"id":14,"name":"Promo","slug":"promo","slugPath":"page-category/promo","createdAt":"2021-11-14T09:23:03.247Z","updatedAt":"2021-11-14T09:23:03.000Z","parentId":11},{"id":15,"name":"Test","slug":"test","slugPath":"category/announcementtt/test","createdAt":"2021-12-15T17:37:28.153Z","updatedAt":"2021-12-15T17:37:36.000Z","parentId":3}]
